Product,Category,Price,Discount,Promotion,Rating,Reviews,Source
,watches,"₹2,995",63% off,No promotion,4.0 out of 5 stars,"3,531",Amazon
,watches,"₹4,999",37% off,No promotion,3.8 out of 5 stars,552,Amazon
,watches,"₹3,420",12% off,No promotion,3.8 out of 5 stars,554,Amazon
,watches,"₹5,780",16% off,No promotion,4.3 out of 5 stars,455,Amazon
,watches,"₹1,695",,No promotion,4.4 out of 5 stars,"50,771",Amazon
,watches,"₹1,295",,No promotion,4.5 out of 5 stars,"12,063",Amazon
,watches,₹298,88% off,No promotion,3.7 out of 5 stars,"1,235",Amazon
,watches,₹298,85% off,No promotion,4.0 out of 5 stars,"3,360",Amazon
,watches,₹499,75% off,No promotion,4.2 out of 5 stars,213,Amazon
,watches,₹950,,No promotion,4.2 out of 5 stars,"1,762",Amazon
,watches,₹499,75% off,No promotion,4.6 out of 5 stars,6,Amazon
,watches,"₹1,399",72% off,No promotion,4.0 out of 5 stars,"16,170",Amazon
,watches,₹378,81% off,No promotion,4.0 out of 5 stars,181,Amazon
,watches,"₹1,699",66% off,No promotion,4.0 out of 5 stars,"28,901",Amazon
,watches,₹899,53% off,No promotion,4.1 out of 5 stars,96,Amazon
,watches,"₹1,799",70% off,No promotion,4.0 out of 5 stars,"28,901",Amazon
,watches,"₹1,199",94% off,No promotion,3.9 out of 5 stars,"92,823",Amazon
,watches,"₹2,999",70% off,No promotion,4.2 out of 5 stars,"1,319",Amazon
,watches,"₹1,042.25",45% off,No promotion,4.1 out of 5 stars,"23,208",Amazon
,watches,"₹2,699",50% off,No promotion,4.3 out of 5 stars,149,Amazon
,watches,"₹3,417",12% off,No promotion,3.6 out of 5 stars,"2,170",Amazon
,watches,"₹3,420",12% off,No promotion,3.8 out of 5 stars,803,Amazon
,watches,"₹3,228",17% off,No promotion,3.8 out of 5 stars,"1,522",Amazon
,watches,"₹3,229",17% off,No promotion,3.8 out of 5 stars,"3,618",Amazon
,watches,₹380,81% off,No promotion,3.8 out of 5 stars,865,Amazon
,watches,₹850,15% off,No promotion,4.1 out of 5 stars,"14,659",Amazon
,watches,"₹2,995",,No promotion,4.4 out of 5 stars,"14,784",Amazon
,watches,"₹65,051",23% off,No promotion,,,Amazon
,watches,"₹1,499",82% off,No promotion,3.9 out of 5 stars,"24,063",Amazon
,watches,₹675,,No promotion,4.0 out of 5 stars,"12,035",Amazon
,watches,"₹1,599",47% off,No promotion,3.9 out of 5 stars,"15,762",Amazon
,watches,"₹22,995",,No promotion,4.3 out of 5 stars,546,Amazon
,watches,"₹1,799",74% off,No promotion,4.2 out of 5 stars,"1,569",Amazon
,watches,"₹1,299",91% off,No promotion,3.9 out of 5 stars,"92,823",Amazon
,watches,"₹3,109",18% off,No promotion,4.2 out of 5 stars,"1,285",Amazon
,watches,"₹3,990",33% off,No promotion,4.0 out of 5 stars,"1,256",Amazon
,watches,"₹1,699",66% off,No promotion,4.0 out of 5 stars,"28,901",Amazon
,watches,"₹1,399",72% off,No promotion,4.0 out of 5 stars,"28,901",Amazon
,watches,"₹3,995",,No promotion,4.5 out of 5 stars,"9,532",Amazon
,watches,"₹9,096",30% off,No promotion,4.2 out of 5 stars,"4,285",Amazon
,watches,"₹5,295",17% off,No promotion,4.3 out of 5 stars,"1,182",Amazon
,watches,"₹1,995",,No promotion,4.0 out of 5 stars,"1,174",Amazon
,watches,"₹2,145",,No promotion,4.2 out of 5 stars,"3,092",Amazon
,watches,"₹1,995",,No promotion,4.5 out of 5 stars,100,Amazon
,watches,"₹4,545",,No promotion,3.9 out of 5 stars,18,Amazon
,watches,"₹5,995",,No promotion,4.3 out of 5 stars,"6,953",Amazon
,watches,"₹1,099",4% off,No promotion,4.1 out of 5 stars,"2,073",Amazon
,watches,"₹2,799",67% off,No promotion,3.8 out of 5 stars,"1,929",Amazon
,watches,"₹1,595",,No promotion,4.2 out of 5 stars,764,Amazon
,watches,₹284,81% off,No promotion,3.5 out of 5 stars,82,Amazon
,watches,"₹2,995",,No promotion,4.5 out of 5 stars,22,Amazon
,watches,"₹1,797",40% off,No promotion,3.9 out of 5 stars,302,Amazon
,watches,₹570,40% off,No promotion,4.3 out of 5 stars,"2,895",Amazon
,watches,"₹3,995",,No promotion,4.2 out of 5 stars,771,Amazon
,watches,"₹1,499",82% off,No promotion,3.9 out of 5 stars,"24,063",Amazon
,watches,"₹11,023",10% off,No promotion,4.2 out of 5 stars,327,Amazon
,watches,"₹3,420",12% off,No promotion,4.0 out of 5 stars,447,Amazon
,watches,"₹3,420",12% off,No promotion,3.8 out of 5 stars,"2,621",Amazon
,watches,"₹3,420",12% off,No promotion,3.9 out of 5 stars,637,Amazon
,watches,"₹1,299",57% off,No promotion,4.1 out of 5 stars,311,Amazon
,watches,"₹1,399",86% off,No promotion,3.9 out of 5 stars,"95,084",Amazon
,watches,"₹1,199",90% off,No promotion,4.0 out of 5 stars,"36,064",Amazon
,watches,"₹1,199",94% off,No promotion,3.9 out of 5 stars,"92,823",Amazon
,watches,"₹3,420",12% off,No promotion,3.6 out of 5 stars,412,Amazon
,watches,"₹10,496",30% off,No promotion,4.3 out of 5 stars,306,Amazon
,watches,₹699,90% off,No promotion,4.1 out of 5 stars,"2,665",Amazon
,watches,"₹1,099",,No promotion,4.2 out of 5 stars,"3,493",Amazon
,watches,"₹1,399",72% off,No promotion,4.0 out of 5 stars,"28,901",Amazon
,watches,"₹57,995",,No promotion,5.0 out of 5 stars,7,Amazon
,watches,"₹1,399",77% off,No promotion,4.0 out of 5 stars,"19,441",Amazon
,watches,"₹3,995",,No promotion,4.3 out of 5 stars,501,Amazon
,watches,"₹15,999",43% off,No promotion,4.4 out of 5 stars,383,Amazon
,watches,"₹6,995",30% off,No promotion,4.2 out of 5 stars,"6,042",Amazon
,watches,"₹19,995",,No promotion,4.2 out of 5 stars,146,Amazon
,watches,"₹1,799",74% off,No promotion,4.1 out of 5 stars,225,Amazon
,watches,"₹7,999",27% off,No promotion,4.0 out of 5 stars,"20,985",Amazon
,watches,"₹2,195",,No promotion,4.4 out of 5 stars,368,Amazon
,watches,"₹3,795",,No promotion,4.0 out of 5 stars,"1,666",Amazon
,watches,"₹1,995",,No promotion,4.4 out of 5 stars,256,Amazon
,watches,"₹10,995",,No promotion,4.4 out of 5 stars,542,Amazon
,watches,"₹2,425.96",70% off,No promotion,4.0 out of 5 stars,"3,531",Amazon
,watches,"₹3,230",17% off,No promotion,3.8 out of 5 stars,"3,618",Amazon
,watches,"₹3,228",17% off,No promotion,3.8 out of 5 stars,"1,522",Amazon
,watches,"₹1,399",72% off,No promotion,4.0 out of 5 stars,"28,901",Amazon
,watches,"₹18,295",,No promotion,4.4 out of 5 stars,342,Amazon
,watches,"₹3,695",,No promotion,4.2 out of 5 stars,986,Amazon
,watches,"₹1,899",90% off,No promotion,3.9 out of 5 stars,"15,419",Amazon
,watches,"₹10,496",30% off,No promotion,4.3 out of 5 stars,"1,773",Amazon
,watches,₹349,87% off,No promotion,3.9 out of 5 stars,953,Amazon
,watches,"₹9,195",,No promotion,4.3 out of 5 stars,"2,046",Amazon
,watches,"₹15,995",,No promotion,4.2 out of 5 stars,88,Amazon
,watches,₹810,,No promotion,4.0 out of 5 stars,"2,021",Amazon
,watches,"₹1,399",72% off,No promotion,4.0 out of 5 stars,"28,901",Amazon
,watches,"₹8,995",,No promotion,4.5 out of 5 stars,746,Amazon
,watches,"₹2,999",63% off,No promotion,4.0 out of 5 stars,"8,938",Amazon
,watches,"₹12,495",4% off,No promotion,3.9 out of 5 stars,112,Amazon
,watches,"₹11,197",30% off,No promotion,4.4 out of 5 stars,327,Amazon
,watches,"₹3,025",6% off,No promotion,4.2 out of 5 stars,"3,928",Amazon
,watches,"₹16,999",45% off,No promotion,4.1 out of 5 stars,171,Amazon
,watches,"₹1,099",84% off,No promotion,4.0 out of 5 stars,"1,832",Amazon
,watches,"₹4,595.40",42% off,No promotion,3.7 out of 5 stars,83,Amazon
,watches,"₹2,847.50",50% off,No promotion,4.4 out of 5 stars,106,Amazon
,watches,"₹1,450.07",52% off,No promotion,3.9 out of 5 stars,"15,762",Amazon
,watches,₹695,,No promotion,4.3 out of 5 stars,"1,629",Amazon
,watches,"₹54,000",10% off,No promotion,4.1 out of 5 stars,18,Amazon
,watches,"₹2,357",13% off,No promotion,4.3 out of 5 stars,"2,711",Amazon
,watches,"₹9,195",,No promotion,4.3 out of 5 stars,500,Amazon
,watches,"₹1,399",77% off,No promotion,4.0 out of 5 stars,"19,441",Amazon
,watches,"₹1,595",,No promotion,4.2 out of 5 stars,167,Amazon
,watches,₹599,,No promotion,4.1 out of 5 stars,684,Amazon
,watches,"₹5,312",16% off,No promotion,4.2 out of 5 stars,471,Amazon
,watches,"₹2,495",,No promotion,4.3 out of 5 stars,37,Amazon
,watches,"₹1,399",72% off,No promotion,4.0 out of 5 stars,"16,170",Amazon
,watches,"₹9,096",27% off,No promotion,4.2 out of 5 stars,"16,609",Amazon
,watches,"₹8,395",30% off,No promotion,4.5 out of 5 stars,"3,388",Amazon
,watches,"₹3,950",67% off,No promotion,3.8 out of 5 stars,19,Amazon
,watches,"₹6,498",28% off,No promotion,4.0 out of 5 stars,"20,985",Amazon
,watches,"₹5,499",31% off,No promotion,3.8 out of 5 stars,552,Amazon
,watches,"₹3,420",12% off,No promotion,3.6 out of 5 stars,"2,170",Amazon
,watches,"₹1,999",89% off,No promotion,3.9 out of 5 stars,"15,419",Amazon
,watches,"₹1,799",82% off,No promotion,4.3 out of 5 stars,355,Amazon
,watches,"₹3,230",17% off,No promotion,3.8 out of 5 stars,"1,522",Amazon
,watches,"₹3,300",3% off,No promotion,4.4 out of 5 stars,61,Amazon
,watches,"₹1,799",40% off,No promotion,4.2 out of 5 stars,96,Amazon
,watches,"₹1,399",72% off,No promotion,4.0 out of 5 stars,"16,170",Amazon
,watches,"₹9,195",,No promotion,4.3 out of 5 stars,"2,046",Amazon
,watches,"₹1,995",,No promotion,4.4 out of 5 stars,"1,447",Amazon
,watches,₹899,,No promotion,4.2 out of 5 stars,"4,489",Amazon
,watches,"₹3,499",42% off,No promotion,4.1 out of 5 stars,"4,268",Amazon
,watches,"₹3,025",6% off,No promotion,4.2 out of 5 stars,"3,928",Amazon
,watches,"₹2,963",9% off,No promotion,4.3 out of 5 stars,"1,536",Amazon
,watches,"₹10,995",,No promotion,4.4 out of 5 stars,542,Amazon
,watches,"₹4,995",,No promotion,4.4 out of 5 stars,132,Amazon
,watches,"₹1,047.50",50% off,No promotion,4.4 out of 5 stars,158,Amazon
,watches,"₹1,399",88% off,No promotion,3.9 out of 5 stars,"95,084",Amazon
,watches,"₹3,499",61% off,No promotion,4.2 out of 5 stars,"6,381",Amazon
,watches,"₹2,395",,No promotion,4.2 out of 5 stars,892,Amazon
,watches,"₹3,950",67% off,No promotion,3.8 out of 5 stars,19,Amazon
,watches,"₹8,995",,No promotion,4.5 out of 5 stars,746,Amazon
,watches,"₹2,999",25% off,No promotion,4.0 out of 5 stars,"3,531",Amazon
,watches,"₹2,995",63% off,No promotion,4.0 out of 5 stars,"3,531",Amazon
,watches,"₹5,499",31% off,No promotion,3.8 out of 5 stars,552,Amazon
,watches,"₹3,229",17% off,No promotion,3.8 out of 5 stars,"3,618",Amazon
,watches,₹999,75% off,No promotion,4.1 out of 5 stars,682,Amazon
,watches,"₹1,595",7% off coupon applied,No promotion,4.3 out of 5 stars,506,Amazon
,watches,"₹7,995",,No promotion,4.3 out of 5 stars,840,Amazon
,watches,"₹2,799",60% off,No promotion,4.0 out of 5 stars,"16,170",Amazon
,watches,"₹3,115",,No promotion,4.2 out of 5 stars,148,Amazon
,watches,"₹1,399",91% off,No promotion,3.9 out of 5 stars,"38,745",Amazon
,watches,"₹1,947",50% off,No promotion,3.7 out of 5 stars,53,Amazon
,watches,"₹2,695",,No promotion,4.5 out of 5 stars,"3,819",Amazon
,watches,"₹2,499",69% off,No promotion,4.0 out of 5 stars,"54,633",Amazon
,watches,"₹2,495",,No promotion,4.5 out of 5 stars,743,Amazon
,watches,"₹9,096",27% off,No promotion,4.2 out of 5 stars,"16,609",Amazon
,watches,"₹5,312",16% off,No promotion,4.2 out of 5 stars,471,Amazon
,watches,"₹19,995",,No promotion,4.2 out of 5 stars,146,Amazon
,watches,"₹11,197",30% off,No promotion,4.4 out of 5 stars,327,Amazon
,watches,"₹9,195",,No promotion,4.3 out of 5 stars,500,Amazon
,watches,"₹1,343.16",78% off,No promotion,3.9 out of 5 stars,"15,762",Amazon
,watches,"₹2,499",50% off,No promotion,4.0 out of 5 stars,"3,531",Amazon
,watches,"₹2,099",58% off,No promotion,4.0 out of 5 stars,555,Amazon
,watches,"₹2,495",,No promotion,4.3 out of 5 stars,37,Amazon
,watches,"₹2,495",,No promotion,4.2 out of 5 stars,218,Amazon
,watches,"₹1,850",7% off,No promotion,4.2 out of 5 stars,"2,738",Amazon
,watches,"₹1,995",,No promotion,4.3 out of 5 stars,"2,668",Amazon
,watches,₹395,85% off,No promotion,4.3 out of 5 stars,4,Amazon
,watches,"₹7,995",,No promotion,4.2 out of 5 stars,"3,103",Amazon
,watches,"₹17,500",,No promotion,4.3 out of 5 stars,360,Amazon
,watches,₹675,,No promotion,4.1 out of 5 stars,45,Amazon
,watches,"₹1,599",89% off,No promotion,3.9 out of 5 stars,"38,745",Amazon
,watches,"₹1,399","boAt Wave Call Smart Watch w/Bluetooth Calling, 1.69"" (4.2 cm) HD Display w/ 550 NITS & 70% Color Gamut, 150+ Watch Faces, Multi-Sport Modes,HR,SpO2, IP68(Flamingo Pink",No promotion,3.9 out of 5 stars,"27,371",Amazon
,watches,"₹3,650",2% off,No promotion,4.3 out of 5 stars,"1,954",Amazon
,watches,"₹1,699",91% off,No promotion,3.9 out of 5 stars,"15,419",Amazon
,watches,"₹1,399",72% off,No promotion,4.0 out of 5 stars,"16,170",Amazon
,watches,"₹1,525.50",10% off,No promotion,4.1 out of 5 stars,"2,680",Amazon
,watches,"₹8,395",30% off,No promotion,4.5 out of 5 stars,"3,388",Amazon
,watches,"₹3,420",12% off,No promotion,3.8 out of 5 stars,554,Amazon
,watches,"₹2,295",33% off,No promotion,,,Amazon
,watches,"₹2,395",46% off,No promotion,3.9 out of 5 stars,33,Amazon
,watches,"₹3,098",38% off,No promotion,4.0 out of 5 stars,197,Amazon
,watches,"₹5,780",16% off,No promotion,4.3 out of 5 stars,455,Amazon
,watches,"₹2,805",18% off,No promotion,3.8 out of 5 stars,185,Amazon
,watches,"₹3,228",17% off,No promotion,3.8 out of 5 stars,"1,522",Amazon
,watches,"₹2,995",63% off,No promotion,4.0 out of 5 stars,"3,531",Amazon
,watches,"₹7,614",2% off,No promotion,4.3 out of 5 stars,288,Amazon
,watches,"₹24,125",19% off,No promotion,4.0 out of 5 stars,27,Amazon
,watches,"₹27,000",10% off,No promotion,4.4 out of 5 stars,341,Amazon
,watches,"₹4,195",,No promotion,4.4 out of 5 stars,"1,323",Amazon
,watches,"₹9,395",,No promotion,4.4 out of 5 stars,178,Amazon
,watches,"₹1,399",86% off,No promotion,3.9 out of 5 stars,"95,084",Amazon
,watches,"₹3,195",,No promotion,4.4 out of 5 stars,62,Amazon
,watches,"₹8,495",,No promotion,4.6 out of 5 stars,661,Amazon
,watches,"₹11,995",,No promotion,4.1 out of 5 stars,162,Amazon
,watches,"₹1,495",,No promotion,4.4 out of 5 stars,787,Amazon
,watches,"₹15,995",,No promotion,4.4 out of 5 stars,250,Amazon
,watches,"₹16,995",,No promotion,4.5 out of 5 stars,406,Amazon
,watches,₹649,78% off,No promotion,3.5 out of 5 stars,90,Amazon
,watches,"₹3,999",,No promotion,4.0 out of 5 stars,"3,531",Amazon
,watches,"₹7,495",,No promotion,4.2 out of 5 stars,803,Amazon
,watches,"₹2,615",,No promotion,4.1 out of 5 stars,"1,814",Amazon
,watches,"₹3,420",12% off,No promotion,4.0 out of 5 stars,447,Amazon
,watches,"₹3,420",12% off,No promotion,3.8 out of 5 stars,554,Amazon
,watches,"₹1,399",80% off,No promotion,4.0 out of 5 stars,792,Amazon
,watches,₹849,83% off,No promotion,3.4 out of 5 stars,188,Amazon
,watches,₹348,"Buy 3 items, get 3% off",No promotion,4.6 out of 5 stars,"2,167",Amazon
,watches,"₹11,995",,No promotion,4.3 out of 5 stars,"4,449",Amazon
,watches,"₹1,299",91% off,No promotion,4.0 out of 5 stars,"36,064",Amazon
,watches,"₹19,995",,No promotion,4.3 out of 5 stars,131,Amazon
,watches,"₹5,009",50% off,No promotion,4.1 out of 5 stars,18,Amazon
,watches,"₹19,995",,No promotion,4.2 out of 5 stars,305,Amazon
,watches,"₹23,995",,No promotion,4.1 out of 5 stars,7,Amazon
,watches,"₹8,478",21% off,No promotion,4.4 out of 5 stars,168,Amazon
,watches,"₹13,750",,No promotion,4.3 out of 5 stars,122,Amazon
,watches,"₹1,495",,No promotion,4.0 out of 5 stars,"1,278",Amazon
,watches,"₹1,945",,No promotion,4.3 out of 5 stars,927,Amazon
,watches,"₹2,499",64% off,No promotion,4.0 out of 5 stars,"16,170",Amazon
,watches,"₹20,700",10% off,No promotion,4.6 out of 5 stars,84,Amazon
,watches,"₹1,399",72% off,No promotion,4.0 out of 5 stars,"28,901",Amazon
,watches,₹277,72% off,No promotion,3.8 out of 5 stars,484,Amazon
,watches,"₹8,995",,No promotion,4.4 out of 5 stars,558,Amazon
,watches,"₹10,995",,No promotion,4.5 out of 5 stars,665,Amazon
,watches,"₹33,210",10% off,No promotion,4.5 out of 5 stars,94,Amazon
,watches,"₹6,588.14",22% off,No promotion,4.3 out of 5 stars,554,Amazon
,watches,"₹19,995",5% off coupon applied,No promotion,4.5 out of 5 stars,98,Amazon
,watches,"₹38,092",2% off,No promotion,4.2 out of 5 stars,5,Amazon
,watches,"₹1,795",,No promotion,4.2 out of 5 stars,199,Amazon
,watches,"₹7,795",,No promotion,4.4 out of 5 stars,756,Amazon
,watches,"₹24,999",51% off,No promotion,4.0 out of 5 stars,549,Amazon
,watches,"₹4,113",8% off,No promotion,4.2 out of 5 stars,500,Amazon
,watches,"₹3,499",56% off,No promotion,4.0 out of 5 stars,"1,889",Amazon
,watches,"₹1,21,000",,No promotion,,,Amazon
,watches,"₹2,499",64% off,No promotion,4.0 out of 5 stars,"16,170",Amazon
,watches,"₹9,465",,No promotion,4.4 out of 5 stars,790,Amazon
,watches,"₹10,695",,No promotion,4.4 out of 5 stars,279,Amazon
,watches,"₹1,499",50% off,No promotion,3.9 out of 5 stars,"15,762",Amazon
,watches,"₹15,695",,No promotion,2.3 out of 5 stars,5,Amazon
,watches,"₹3,418",12% off,No promotion,3.6 out of 5 stars,"2,170",Amazon
,watches,₹999,80% off,No promotion,4.0 out of 5 stars,473,Amazon
,watches,"₹7,499",72% off,No promotion,4.2 out of 5 stars,3,Amazon
,watches,"₹1,702.25",45% off,No promotion,4.2 out of 5 stars,570,Amazon
,watches,"₹2,995",63% off,No promotion,4.0 out of 5 stars,"3,531",Amazon
,watches,"₹4,419",68% off,No promotion,4.6 out of 5 stars,6,Amazon
,watches,"₹3,420",12% off,No promotion,3.8 out of 5 stars,554,Amazon
,watches,"₹3,000",3% off,No promotion,3.8 out of 5 stars,185,Amazon
,watches,"₹4,495",8% off,No promotion,4.2 out of 5 stars,"1,235",Amazon
,watches,"₹2,599",60% off,No promotion,4.3 out of 5 stars,48,Amazon
,watches,"₹8,275.50",10% off,No promotion,4.5 out of 5 stars,595,Amazon
,watches,"₹13,495",,No promotion,4.5 out of 5 stars,11,Amazon
,watches,"₹15,695",,No promotion,2.3 out of 5 stars,5,Amazon
,watches,"₹22,500",10% off,No promotion,4.4 out of 5 stars,435,Amazon
,watches,"₹4,450",60% off,No promotion,4.6 out of 5 stars,6,Amazon
,watches,"₹1,695",,No promotion,4.3 out of 5 stars,909,Amazon
,watches,"₹8,746",30% off,No promotion,4.2 out of 5 stars,"1,651",Amazon
,watches,"₹11,996",20% off,No promotion,3.8 out of 5 stars,52,Amazon
,watches,"₹10,495",,No promotion,3.9 out of 5 stars,493,Amazon
,watches,"₹1,199",85% off,No promotion,4.1 out of 5 stars,"2,040",Amazon
,watches,"₹29,900",,No promotion,4.4 out of 5 stars,378,Amazon
,watches,"₹1,499",50% off,No promotion,3.9 out of 5 stars,"15,762",Amazon
,watches,"₹1,199",94% off,No promotion,3.9 out of 5 stars,"92,823",Amazon
,watches,"₹26,994",,No promotion,3.6 out of 5 stars,17,Amazon
,watches,₹999,80% off,No promotion,4.0 out of 5 stars,473,Amazon
,watches,"₹1,459",51% off,No promotion,3.9 out of 5 stars,"2,574",Amazon
,watches,"₹5,750",42% off,No promotion,4.1 out of 5 stars,18,Amazon
,watches,"₹12,499",11% off,No promotion,3.9 out of 5 stars,112,Amazon
,watches,"₹15,000",5% off coupon applied,No promotion,4.8 out of 5 stars,9,Amazon
,watches,"₹1,199",76% off,No promotion,4.0 out of 5 stars,"20,985",Amazon
,watches,"₹8,396",30% off,No promotion,4.4 out of 5 stars,164,Amazon
,watches,"₹1,995",,No promotion,4.3 out of 5 stars,587,Amazon
,watches,"₹7,995",,No promotion,4.4 out of 5 stars,670,Amazon
,watches,"₹3,897",40% off,No promotion,4.1 out of 5 stars,11,Amazon
,watches,"₹1,497.50",50% off,No promotion,4.6 out of 5 stars,9,Amazon
,watches,"₹6,498",28% off,No promotion,4.0 out of 5 stars,"20,985",Amazon
,watches,"₹12,749",23% off,No promotion,3.8 out of 5 stars,6,Amazon
,watches,₹218,56% off,No promotion,3.7 out of 5 stars,21,Amazon
,watches,"₹4,595",5% off coupon applied,No promotion,4.2 out of 5 stars,133,Amazon
,watches,"₹6,498",28% off,No promotion,4.0 out of 5 stars,"20,985",Amazon
,watches,"₹3,423.27",14% off,No promotion,4.0 out of 5 stars,"3,531",Amazon
,watches,"₹1,699",43% off,No promotion,3.9 out of 5 stars,"15,762",Amazon
,watches,"₹1,995",,No promotion,4.4 out of 5 stars,"1,447",Amazon
,watches,"₹20,595",5% off coupon applied,No promotion,5.0 out of 5 stars,3,Amazon
,watches,₹999,88% off,No promotion,4.1 out of 5 stars,"2,040",Amazon
,watches,"₹2,499",50% off,No promotion,4.0 out of 5 stars,"3,531",Amazon
,watches,"₹3,195",,No promotion,4.4 out of 5 stars,62,Amazon
,watches,"₹1,399",88% off,No promotion,3.9 out of 5 stars,"95,084",Amazon
,watches,"₹4,395",,No promotion,4.5 out of 5 stars,"1,098",Amazon
,watches,"₹1,795",,No promotion,4.2 out of 5 stars,199,Amazon
,watches,"₹2,995",63% off,No promotion,4.0 out of 5 stars,"3,531",Amazon
,watches,₹369,83% off,No promotion,3.9 out of 5 stars,"4,841",Amazon
,watches,"₹1,449",,No promotion,4.2 out of 5 stars,"2,132",Amazon
,watches,"₹2,865",,No promotion,4.2 out of 5 stars,"1,101",Amazon
,watches,"₹3,115",,No promotion,4.3 out of 5 stars,"1,108",Amazon
,watches,"₹24,999",51% off,No promotion,4.0 out of 5 stars,549,Amazon
,watches,"₹19,995",5% off coupon applied,No promotion,4.5 out of 5 stars,98,Amazon
,watches,"₹1,199",90% off,No promotion,4.0 out of 5 stars,"36,064",Amazon
,watches,₹895,,No promotion,4.1 out of 5 stars,50,Amazon
,watches,₹379,79% off,No promotion,3.8 out of 5 stars,"15,402",Amazon
,watches,"₹3,228",17% off,No promotion,3.8 out of 5 stars,"1,522",Amazon
,watches,"₹3,420",12% off,No promotion,3.6 out of 5 stars,"2,170",Amazon
,watches,₹298,88% off,No promotion,3.7 out of 5 stars,"1,235",Amazon
,watches,₹379,75% off,No promotion,3.8 out of 5 stars,"2,180",Amazon
,watches,"₹2,499",50% off,No promotion,4.0 out of 5 stars,"3,531",Amazon
,watches,"₹3,417",12% off,No promotion,3.6 out of 5 stars,"2,170",Amazon
,watches,"₹3,040",22% off,No promotion,3.8 out of 5 stars,"2,621",Amazon
,watches,₹832,72% off,No promotion,4.3 out of 5 stars,201,Amazon
,watches,"₹3,195",,No promotion,4.4 out of 5 stars,62,Amazon
,watches,"₹4,227.90",44% off,No promotion,3.8 out of 5 stars,552,Amazon
,watches,"₹1,795",,No promotion,4.2 out of 5 stars,199,Amazon
,watches,₹369,83% off,No promotion,3.9 out of 5 stars,"4,841",Amazon
,watches,"₹1,699",43% off,No promotion,3.9 out of 5 stars,"15,762",Amazon
,watches,"₹3,115",,No promotion,4.3 out of 5 stars,"1,108",Amazon
,watches,"₹7,999",47% off,No promotion,4.3 out of 5 stars,"1,300",Amazon
,watches,"₹19,995",5% off coupon applied,No promotion,4.5 out of 5 stars,98,Amazon
,watches,"₹5,999",33% off,No promotion,4.0 out of 5 stars,"20,985",Amazon
,watches,₹895,,No promotion,4.1 out of 5 stars,50,Amazon
,watches,"₹3,651",15% off,No promotion,4.3 out of 5 stars,"1,089",Amazon
,watches,₹379,79% off,No promotion,3.8 out of 5 stars,"15,402",Amazon
,watches,"₹4,145",1% off,No promotion,4.3 out of 5 stars,898,Amazon
,watches,"₹1,995",,No promotion,4.0 out of 5 stars,604,Amazon
,watches,₹279,77% off,No promotion,2.8 out of 5 stars,15,Amazon
,watches,₹284,72% off,No promotion,3.7 out of 5 stars,"1,965",Amazon
,watches,"₹3,420",12% off,No promotion,3.8 out of 5 stars,554,Amazon
,watches,₹999,80% off,No promotion,4.0 out of 5 stars,206,Amazon
,watches,₹849,83% off,No promotion,3.4 out of 5 stars,188,Amazon
,watches,"₹12,499",11% off,No promotion,3.9 out of 5 stars,112,Amazon
,watches,"₹27,900",,No promotion,4.5 out of 5 stars,406,Amazon
,watches,"₹2,834",,No promotion,4.3 out of 5 stars,"1,821",Amazon
,watches,"₹7,395",,No promotion,4.4 out of 5 stars,284,Amazon
,watches,"₹1,499",79% off,No promotion,3.9 out of 5 stars,"24,193",Amazon
,watches,"₹4,617.25",45% off,No promotion,4.2 out of 5 stars,9,Amazon
,watches,"₹1,499",46% off,No promotion,3.9 out of 5 stars,"15,762",Amazon
,watches,"₹6,896",40% off,No promotion,4.4 out of 5 stars,"2,537",Amazon
,watches,"₹2,495",,No promotion,4.5 out of 5 stars,637,Amazon
,watches,"₹5,495",,No promotion,4.5 out of 5 stars,480,Amazon
,watches,"₹1,395",,No promotion,4.4 out of 5 stars,398,Amazon
,watches,"₹1,245",,No promotion,4.2 out of 5 stars,"1,039",Amazon
,watches,₹625,,No promotion,4.2 out of 5 stars,"1,212",Amazon
,watches,₹0,,No promotion,,,Amazon
,watches,"₹1,499",93% off,No promotion,3.8 out of 5 stars,324,Amazon
,watches,"₹13,499",25% off,No promotion,4.6 out of 5 stars,5,Amazon
,watches,"₹1,199",90% off,No promotion,4.0 out of 5 stars,"36,064",Amazon
,watches,"₹7,995",,No promotion,4.2 out of 5 stars,"3,103",Amazon
,watches,"₹1,599",82% off,No promotion,,,Amazon
,watches,"₹1,299",81% off,No promotion,4.1 out of 5 stars,"2,285",Amazon
,watches,₹479,40% off,No promotion,4.2 out of 5 stars,202,Amazon
,watches,"₹5,995",,No promotion,4.3 out of 5 stars,"7,416",Amazon
,watches,"₹5,996",33% off,No promotion,4.2 out of 5 stars,12,Amazon
,watches,₹825,,No promotion,4.3 out of 5 stars,"1,186",Amazon
,watches,"₹2,495",,No promotion,4.3 out of 5 stars,372,Amazon
,watches,"₹1,699",43% off,No promotion,3.9 out of 5 stars,"15,762",Amazon
,watches,"₹2,495",5% off coupon applied,No promotion,4.2 out of 5 stars,270,Amazon
,watches,₹499,75% off,No promotion,4.0 out of 5 stars,"1,020",Amazon
,watches,"₹1,195",,No promotion,4.4 out of 5 stars,42,Amazon
,watches,₹474,5% off,No promotion,4.6 out of 5 stars,16,Amazon
,watches,"₹8,499",50% off,No promotion,4.2 out of 5 stars,8,Amazon
,watches,"₹1,499",75% off,No promotion,4.1 out of 5 stars,52,Amazon
,watches,"₹21,495",,No promotion,4.2 out of 5 stars,403,Amazon
,watches,"₹3,000",3% off,No promotion,3.8 out of 5 stars,185,Amazon
,watches,"₹1,042.25",45% off,No promotion,4.1 out of 5 stars,"23,208",Amazon
,watches,₹280,86% off,No promotion,,,Amazon
,watches,"₹13,999",48% off,No promotion,,,Amazon
,watches,"₹1,399",86% off,No promotion,3.9 out of 5 stars,"95,084",Amazon
,watches,"₹1,199",90% off,No promotion,4.0 out of 5 stars,"36,064",Amazon
,watches,"₹1,299",91% off,No promotion,3.9 out of 5 stars,"92,823",Amazon
,watches,"₹2,499",64% off,No promotion,3.9 out of 5 stars,"24,829",Amazon
,watches,"₹1,395",,No promotion,4.4 out of 5 stars,398,Amazon
,watches,"₹7,999",27% off,No promotion,4.0 out of 5 stars,"20,985",Amazon
,watches,₹625,,No promotion,4.2 out of 5 stars,"1,212",Amazon
,watches,"₹1,299",91% off,No promotion,3.9 out of 5 stars,"92,823",Amazon
,watches,"₹13,499",25% off,No promotion,4.6 out of 5 stars,5,Amazon
,watches,,,No promotion,4.4 out of 5 stars,78,Amazon
,watches,"₹1,399",88% off,No promotion,3.9 out of 5 stars,"95,084",Amazon
,watches,"₹7,995",,No promotion,4.2 out of 5 stars,"3,103",Amazon
,watches,"₹1,699",43% off,No promotion,3.9 out of 5 stars,"15,762",Amazon
,watches,"₹1,995",,No promotion,4.4 out of 5 stars,"1,334",Amazon
,watches,"₹1,299",81% off,No promotion,4.1 out of 5 stars,"2,285",Amazon
,watches,₹895,,No promotion,4.2 out of 5 stars,901,Amazon
,watches,"₹5,996",33% off,No promotion,4.2 out of 5 stars,12,Amazon
,watches,"₹1,499",75% off,No promotion,4.1 out of 5 stars,52,Amazon
,watches,"₹2,495",,No promotion,4.3 out of 5 stars,372,Amazon
,watches,"₹1,239",86% off,No promotion,3.9 out of 5 stars,"24,417",Amazon
,watches,"₹1,399",80% off,No promotion,4.0 out of 5 stars,"4,748",Amazon
,watches,"₹1,499",75% off,No promotion,4.1 out of 5 stars,52,Amazon
,watches,"₹1,609",82% off,No promotion,4.0 out of 5 stars,160,Amazon
,watches,"₹2,499",50% off,No promotion,4.0 out of 5 stars,"3,531",Amazon
,watches,"₹2,495",5% off coupon applied,No promotion,4.2 out of 5 stars,270,Amazon
,watches,₹499,75% off,No promotion,4.0 out of 5 stars,"1,020",Amazon
,watches,"₹6,498",35% off,No promotion,4.0 out of 5 stars,"20,985",Amazon
,watches,"₹2,199",69% off,No promotion,4.0 out of 5 stars,"54,633",Amazon
,watches,"₹3,419",12% off,No promotion,4.2 out of 5 stars,290,Amazon
,watches,"₹2,999",63% off,No promotion,4.0 out of 5 stars,"8,938",Amazon
